Image,Category,Tags
success_1,success,"sky,aim,high,path,stairs,achievement"
success_2,success,"ambition,sunrise,sunset,morning,goals,nature"
success_3,success,"happiness,umbrella,jump,joy"
success_4,success,"hardwork,success"
success_5,success,"dreams,aim,high,nature"
success_6,success,"clouds,high,ambition,belief"
success_7,success,"sunset,evening,goals,nature,jump"
success_8,success,"ambition,goals,sky"
success_9,success,"run,steps,belief"
success_10,success,"path,road,success,nature"
soul_1,soul,"dark,dance"
soul_2,soul,"meditation,girl,person,girl,sunset,sun"
soul_3,soul,"man,light,candle,shadow,dark"
soul_4,"soul,books","book,river,soul,person"
soul_5,soul,"smoke,man"
soul_6,"soul,death","man,flower,gun,death"
soul_7,"soul,arts","old-man,sing,music,guitar,passion"
soul_8,soul,"car,drive,road,free,nature,path"
soul_9,"soul,religion,faith","lord,buddha,tree,meditation"
soul_10,"soul,faith,life","boy,jump,river,free"
soul_11,"soul,life,inspiration,faith,purpose,success,hope","mountain,girl,nature"
soul_12,"soul,hope","girl,city,stand,evening"
soul_13,"soul,positive","mirror,girl,reflection,self"
books_1,books,"lights,book,lantern,focus"
books_2,books,"hand,hold,book"
books_3,books,"open,books,pages"
books_4,books,"library,light,book,open"
books_6,books,"glass,focus,diary,reading"
books_7,books,"pile,books,reading"
books_8,books,"girl,book,bed,pages,reading,thought"
books_9,books,"shelf,books,classic,library"
books_10,books,"flower,white,books"
books_11,books,"novels,books,man,thought"
books_12,"books,writing","pen,notebook,books,pile,"
books_13,books,"store,book"
books_14,books,"roses,flower,book,mug"
books_15,books,"tea,bed,cup,drink"
books_16,books,"man,read,book,nature,bench,sit,peace"
books_17,books,"library,books,table"
books_18,books,"pages,open,book,thought"
books_19,books,"flower,white,books,nature"
arts_1,arts,"paint,brush,artist"
arts_2,arts,"building,photography,corner,space,design"
arts_3,arts,"artist,soul,nature,beautiful,goal,expression,marble,sculpture"
arts_4,arts,"freedom,happiness,people"
arts_5,arts,"ideas,paint,brush,creative,artist"
arts_6,arts,"sin,artist,eye,feels"
arts_7,arts,"design,roof,amateur"
arts_8,arts,"legs,paint,colors,feet,creative,artist"
arts_9,"arts,success","locks,key,success,luck,secret"
arts_10,arts,"design,building,material,architecture"
arts_11,arts,"hand,reality,ideas,paint,nail,pen,pencil"
arts_12,"arts,life,hope","silhoutte,joy,beauty,beautiful,life,nature,practice"
arts_13,arts,"wall,expression,power,impatience"
arts_14,arts,"freedom,travel,fly,think,thinking"
arts_15,arts,"mother,architecture,pieces,attitude"
arts_16,arts,"fear,limit,dark,devil"
arts_17,"arts,religion","sun,sunrise,nature,beauty,god"
arts_18,arts,"meditation,dark,peace,patience,think,thinking"
arts_19,arts,"art,design,architecture,pattern"
arts_20,arts,"hand,plant,artist,peace"
arts_21,arts,"canvas,colors,paint"
arts_22,arts,"canvas,colors,beauty,beautiful,wall"
arts_23,arts,"paint,paper,pencil,artist,draw"
arts_24,arts,"wall,frame,design,lights,light"
arts_25,"arts,soul","wall,wings,fly,cycle,soul,creative"
arts_26,arts,"dark,mountain,reflection"
arts_27,arts,"face,think,black,artist,dark"
love_1,"love,friendship","friendship,morning,enjoy,alive"
love_2,"love,friendship","trust,happiness,group,friends,support"
love_3,"love,friendship,relationship","love,respect,heart,relationship"
love_4,"love,relationship","morning,love,scene,trust,romantic,beauty"
love_5,love,"friendship,joy,nature,group"
love_6,love,"sea,group,support,neighbor,forgiveness"
love_7,"love,hope","sun,sunshine,hope,sunrise,friends,beauty,appreciate"
love_8,love,"laugh,happiness,happy,friends,family"
love_9,"love,inspiration,faith,hope","mountain,sunrise,sun,friends,bond"
love_10,"love,life","girls,group,love,stupid,life,joy,talk"
love_11,"love,arts","group,friends,creative,design"
love_12,love,"childhood,family,support,remember,friends"
love_13,love,"old,old-age,remember,bond,missing,reality"
life_1,"life,philosophy","footprints,way,path,life,philosophy,journey,trace"
life_2,life,"Sun,Life,Live,Thoughts,optimism,perception,think,sunrise,sea,beach"
life_3,"life,success,hope",",G"
life_4,life,"grow,birth,Begin,plant,positive,positivity,green,nature"
life_5,life,"Fly,high,Belief,Sky,Thoughts,contentment,joy,yourself"
life_6,life,"Peace,nature,Relax,Life,Peace,rest,Relief,contentment,human"
life_7,life,"joy,happiness,life,colors,color,positive,memories,remember,smile,play"
life_8,life,"life,joy,child,happiness,happy,positive,dreams,belief,smile"
life_9,"life,relationship","love,loved,life,sun,sunrise,child,relationship,memories,present"
life_10,"life,hope,success","high,hope,clouds,success,thoughts,belief,be-yourself,joy,chance"
life_11,"life,relationship,love","birth,father,child,love,together,"
life_12,life,
